cur_rank,prev_rank,team,country,league,offensive,defensive,spi
1,1,Bayern Munich,Germany,German Bundesliga,3.41,0.51,92.58
2,2,Manchester City,United Kingdom,Barclays Premier League,2.85,0.36,91.17
3,3,Barcelona,Spain,Spanish Primera Division,2.67,0.43,88.48
4,4,Paris Saint-Germain,France,French Ligue 1,2.89,0.62,87.29
5,5,Liverpool,United Kingdom,Barclays Premier League,2.75,0.6,86.36
6,6,Arsenal,United Kingdom,Barclays Premier League,2.3,0.38,85.87
7,7,Real Madrid,Spain,Spanish Primera Division,2.67,0.64,84.81
8,8,Napoli,Italy,Italy Serie A,2.5,0.73,81.14
9,13,FC Porto,Portugal,Portuguese Liga,2.39,0.67,81.07
10,11,RB Leipzig,Germany,German Bundesliga,2.48,0.73,81.05
11,9,Chelsea,United Kingdom,Barclays Premier League,2.16,0.53,80.95
12,12,Benfica,Portugal,Portuguese Liga,2.46,0.73,80.63
13,14,Internazionale,Italy,Italy Serie A,2.53,0.79,80.42
14,10,Ajax,Netherlands,Dutch Eredivisie,2.93,1.07,80.06
15,16,Manchester United,United Kingdom,Barclays Premier League,2.29,0.66,79.99
16,18,Newcastle,United Kingdom,Barclays Premier League,2.15,0.58,79.85
17,15,Tottenham Hotspur,United Kingdom,Barclays Premier League,2.34,0.72,79.36
18,17,Brighton and Hove Albion,United Kingdom,Barclays Premier League,2.14,0.65,78.19
19,19,AC Milan,Italy,Italy Serie A,2.28,0.74,78.01
20,20,Borussia Dortmund,Germany,German Bundesliga,2.33,0.84,76.56
21,21,Zenit St Petersburg,Russia,Russian Premier Liga,2.09,0.69,76.46
22,22,Athletic Bilbao,Spain,Spanish Primera Division,1.94,0.61,75.89
23,23,Atletico Madrid,Spain,Spanish Primera Division,2,0.67,75.46
24,28,Marseille,France,French Ligue 1,2,0.69,75.12
25,27,FC Salzburg,Austria,Austrian T-Mobile Bundesliga,2.09,0.78,74.29
26,26,Eintracht Frankfurt,Germany,German Bundesliga,2.14,0.83,74.07
27,24,West Ham United,United Kingdom,Barclays Premier League,1.83,0.62,73.78
28,25,PSV,Netherlands,Dutch Eredivisie,2.36,1,73.75
29,33,Bayer Leverkusen,Germany,German Bundesliga,2.12,0.84,73.44
30,30,Real Sociedad,Spain,Spanish Primera Division,1.83,0.64,73.42
31,29,AS Roma,Italy,Italy Serie A,1.93,0.71,73.41
32,31,Feyenoord,Netherlands,Dutch Eredivisie,2.21,0.92,73.07
33,32,Villarreal,Spain,Spanish Primera Division,1.82,0.65,73.04
34,36,SC Freiburg,Germany,German Bundesliga,2.11,0.85,72.97
35,37,Juventus,Italy,Italy Serie A,1.98,0.76,72.89
36,44,Aston Villa,United Kingdom,Barclays Premier League,1.88,0.72,72.19
37,34,Lille,France,French Ligue 1,1.91,0.74,72.16
38,35,Stade Rennes,France,French Ligue 1,1.96,0.8,71.8
39,38,Lyon,France,French Ligue 1,2,0.83,71.75
40,40,Sporting CP,Portugal,Portuguese Liga,1.97,0.81,71.74
41,41,Valencia,Spain,Spanish Primera Division,1.87,0.75,71.29
42,42,Atalanta,Italy,Italy Serie A,2.05,0.89,71.16
43,46,Fiorentina,Italy,Italy Serie A,1.97,0.84,70.88
44,39,Palmeiras,Brasil,Brasileiro S√©rie A,1.81,0.74,70.63
45,47,Lens,France,French Ligue 1,1.82,0.75,70.53
46,43,AS Monaco,France,French Ligue 1,2.03,0.92,70.21
47,54,Leicester City,United Kingdom,Barclays Premier League,1.95,0.86,70.19
48,48,VfL Wolfsburg,Germany,German Bundesliga,2,0.9,70.07
49,49,Osasuna,Spain,Spanish Primera Division,1.71,0.69,70.01
50,45,Celtic,United Kingdom,Scottish Premiership,2.37,1.19,69.9
51,52,Real Betis,Spain,Spanish Primera Division,1.69,0.69,69.58
52,50,Crystal Palace,United Kingdom,Barclays Premier League,1.75,0.73,69.49
53,55,Mainz,Germany,German Bundesliga,1.95,0.89,69.42
54,51,Lazio,Italy,Italy Serie A,1.88,0.86,68.92
55,67,Brentford,United Kingdom,Barclays Premier League,2.01,0.98,68.3
56,58,TSG Hoffenheim,Germany,German Bundesliga,2.05,1.02,68.28
57,63,Genk,Belgium,Belgian Jupiler League,2.15,1.1,68.26
58,59,Sevilla FC,Spain,Spanish Primera Division,1.73,0.78,68
59,60,Borussia Monchengladbach,Germany,German Bundesliga,2.17,1.14,67.65
60,61,Celta Vigo,Spain,Spanish Primera Division,1.68,0.76,67.62
61,62,Rayo Vallecano,Spain,Spanish Primera Division,1.73,0.8,67.51
62,56,Flamengo,Brasil,Brasileiro S√©rie A,1.8,0.85,67.46
63,57,1. FC Union Berlin,Germany,German Bundesliga,1.69,0.77,67.34
64,70,Atletico Mineiro,Brasil,Brasileiro S√©rie A,1.56,0.69,66.93
65,53,Fenerbahce,Turkey,Turkish Turkcell Super Lig,2.15,1.16,66.79
66,65,Mallorca,Spain,Spanish Primera Division,1.59,0.73,66.47
67,66,Club Am√©rica,Mexico,Mexican Primera Division Torneo Apertura,1.89,0.97,66.34
68,64,FC Cologne,Germany,German Bundesliga,1.93,1.01,66.21
69,69,FC Twente,Netherlands,Dutch Eredivisie,1.81,0.93,65.84
70,68,VfB Stuttgart,Germany,German Bundesliga,1.93,1.04,65.47
71,74,Udinese,Italy,Italy Serie A,1.86,0.99,65.25
72,72,Leeds United,United Kingdom,Barclays Premier League,1.94,1.06,65.11
73,71,Club Brugge,Belgium,Belgian Jupiler League,1.99,1.14,64.33
74,77,Braga,Portugal,Portuguese Liga,1.78,0.97,64.32
75,84,Young Boys,Switzerland,Swiss Raiffeisen Super League,1.99,1.14,64.23
76,75,Girona FC,Spain,Spanish Primera Division,1.78,0.98,63.9
77,76,Fluminense,Brasil,Brasileiro S√©rie A,1.62,0.85,63.83
78,81,Torino,Italy,Italy Serie A,1.63,0.86,63.82
79,73,Rangers,United Kingdom,Scottish Premiership,1.89,1.08,63.7
80,78,Nice,France,French Ligue 1,1.6,0.85,63.65
81,79,Werder Bremen,Germany,German Bundesliga,1.86,1.07,63.42
82,85,Southampton,United Kingdom,Barclays Premier League,1.76,0.99,63.23
83,82,Slavia Prague,Czech Rep.,UEFA Europa Conference League,1.83,1.06,63.09
84,88,Hertha Berlin,Germany,German Bundesliga,1.75,1,63.07
85,80,Wolverhampton,United Kingdom,Barclays Premier League,1.61,0.88,62.88
86,90,AZ,Netherlands,Dutch Eredivisie,1.85,1.1,62.56
87,86,Getafe,Spain,Spanish Primera Division,1.43,0.74,62.55
88,94,Internacional,Brasil,Brasileiro S√©rie A,1.58,0.89,62.15
89,87,Fulham,United Kingdom,Barclays Premier League,1.82,1.1,62.05
90,89,Monterrey,Mexico,Mexican Primera Division Torneo Apertura,1.64,0.95,61.98
91,91,Dinamo Zagreb,Croatia,UEFA Champions League,1.8,1.09,61.85
92,93,Espanyol,Spain,Spanish Primera Division,1.6,0.92,61.67
93,99,S√£o Paulo,Brasil,Brasileiro S√©rie A,1.53,0.89,60.93
94,92,Sassuolo,Italy,Italy Serie A,1.77,1.11,60.76
95,83,Everton,United Kingdom,Barclays Premier League,1.63,0.98,60.75
96,95,Tigres UANL,Mexico,Mexican Primera Division Torneo Apertura,1.57,0.94,60.68
97,96,Pachuca,Mexico,Mexican Primera Division Torneo Apertura,1.66,1.02,60.66
98,97,Strasbourg,France,French Ligue 1,1.74,1.09,60.61
99,98,Spartak Moscow,Russia,Russian Premier Liga,1.75,1.14,59.73
100,100,Bodo/Glimt,Norway,Norwegian Tippeligaen,2.15,1.49,59.7
101,109,KAA Gent,Belgium,Belgian Jupiler League,1.68,1.08,59.41
102,102,Union Saint Gilloise,Belgium,Belgian Jupiler League,1.79,1.21,59
103,101,Shakhtar Donetsk,Ukraine,UEFA Europa League,1.82,1.23,58.84
104,106,Reims,France,French Ligue 1,1.53,0.98,58.66
105,103,Slov·cko,Czech Rep.,UEFA Europa Conference League,1.77,1.21,58.54
106,104,Red Star Belgrade,Serbia,UEFA Europa League,1.75,1.19,58.52
107,105,Almeria,Spain,Spanish Primera Division,1.59,1.05,58.48
108,146,Galatasaray,Turkey,Turkish Turkcell Super Lig,1.62,1.11,57.72
109,118,FC Utrecht,Netherlands,Dutch Eredivisie,1.83,1.3,57.63
110,113,FC Copenhagen,Denmark,Danish SAS-Ligaen,1.61,1.1,57.63
111,108,FC Augsburg,Germany,German Bundesliga,1.77,1.27,57.22
112,107,Real Valladolid,Spain,Spanish Primera Division,1.56,1.07,57.16
113,111,Molde,Norway,Norwegian Tippeligaen,1.88,1.37,56.95
114,125,AFC Bournemouth,United Kingdom,Barclays Premier League,1.6,1.14,56.61
115,119,Bologna,Italy,Italy Serie A,1.62,1.15,56.59
116,115,Philadelphia Union,United States,Major League Soccer,1.73,1.27,56.22
117,116,Cadiz,Spain,Spanish Primera Division,1.5,1.06,56.15
118,110,Sheffield United,United Kingdom,English League Championship,1.58,1.13,56.14
119,117,Schalke 04,Germany,German Bundesliga,1.61,1.17,56.06
120,114,Lorient,France,French Ligue 1,1.55,1.12,55.91
121,112,Verona,Italy,Italy Serie A,1.6,1.16,55.85
122,128,Nottingham Forest,United Kingdom,Barclays Premier League,1.52,1.11,55.27
123,141,Monza,Italy,Italy Serie A,1.49,1.08,55.22
124,131,AC Ajaccio,France,French Ligue 1,1.44,1.05,55.02
125,121,Viktoria Plzen,Czech Rep.,UEFA Champions League,1.82,1.41,54.85
126,124,Los Angeles FC,United States,Major League Soccer,1.74,1.35,54.71
127,123,VfL Bochum,Germany,German Bundesliga,1.66,1.27,54.6
128,122,SK Sturm Graz,Austria,Austrian T-Mobile Bundesliga,1.5,1.12,54.59
129,126,Ferencvaros,Hungary,UEFA Europa League,1.63,1.25,54.53
130,127,Trabzonspor,Turkey,Turkish Turkcell Super Lig,1.59,1.22,54.49
131,130,SC Dnipro-1,Ukraine,UEFA Europa Conference League,1.67,1.29,54.36
132,132,Yokohama F. Marinos,Japan,Japanese J League,1.73,1.36,54.04
133,144,Am√©rica Mineiro,Brasil,Brasileiro S√©rie A,1.42,1.06,54.04
134,120,Corinthians,Brasil,Brasileiro S√©rie A,1.24,0.89,53.97
135,143,Fortaleza,Brasil,Brasileiro S√©rie A,1.34,1,53.96
136,140,Dinamo Moscow,Russia,Russian Premier Liga,1.62,1.27,53.86
137,129,CSKA Moscow,Russia,Russian Premier Liga,1.45,1.1,53.8
138,135,River Plate,Argentina,Argentina Primera Division,1.44,1.1,53.77
139,156,Burnley,United Kingdom,English League Championship,1.52,1.18,53.74
140,145,Toulouse,France,French Ligue 1,1.54,1.21,53.51
141,148,Brest,France,French Ligue 1,1.5,1.18,53.39
142,139,FK Partizan Belgrade,Serbia,UEFA Europa Conference League,1.48,1.16,53.23
143,142,Dynamo Kiev,Ukraine,UEFA Europa League,1.51,1.19,53.06
144,134,Troyes,France,French Ligue 1,1.63,1.32,52.93
145,151,Lecce,Italy,Italy Serie A,1.37,1.06,52.91
146,133,Nantes,France,French Ligue 1,1.49,1.18,52.88
147,138,Norwich City,United Kingdom,English League Championship,1.51,1.21,52.73
148,137,Olympiacos,Greece,Greek Super League,1.32,1.04,52.55
149,157,Middlesbrough,United Kingdom,English League Championship,1.37,1.09,52.44
150,147,Clermont Foot,France,French Ligue 1,1.48,1.19,52.39
151,136,Anderlecht,Belgium,Belgian Jupiler League,1.51,1.23,52.28
152,166,Antwerp,Belgium,Belgian Jupiler League,1.49,1.21,52.19
153,170,West Bromwich Albion,United Kingdom,English League Championship,1.31,1.05,51.92
154,153,Steaua Bucuresti,Romania,UEFA Europa Conference League,1.5,1.24,51.89
155,158,Panathinaikos,Greece,Greek Super League,1.26,1,51.85
156,154,Kawasaki Frontale,Japan,Japanese J League,1.77,1.51,51.84
157,152,FC Midtjylland,Denmark,Danish SAS-Ligaen,1.53,1.27,51.74
158,159,New York City FC,United States,Major League Soccer,1.6,1.35,51.62
159,155,Montpellier,France,French Ligue 1,1.53,1.29,51.5
160,162,Besiktas,Turkey,Turkish Turkcell Super Lig,1.67,1.42,51.41
161,163,Guadalajara,Mexico,Mexican Primera Division Torneo Apertura,1.34,1.1,51.4
162,149,Watford,United Kingdom,English League Championship,1.39,1.15,51.35
163,167,Guimaraes,Portugal,Portuguese Liga,1.3,1.06,51.33
164,173,Angers,France,French Ligue 1,1.45,1.21,51.24
165,165,Heerenveen,Netherlands,Dutch Eredivisie,1.45,1.22,50.93
166,161,Portimonense,Portugal,Portuguese Liga,1.37,1.15,50.93
167,181,Vitesse,Netherlands,Dutch Eredivisie,1.56,1.34,50.78
168,171,Santos Laguna,Mexico,Mexican Primera Division Torneo Apertura,1.64,1.43,50.68
169,192,Atl√©tico Paranaense,Brasil,Brasileiro S√©rie A,1.32,1.11,50.65
170,172,Montreal Impact,United States,Major League Soccer,1.56,1.36,50.6
171,174,Adana Demirspor,Turkey,Turkish Turkcell Super Lig,1.49,1.3,50.4
172,175,Lech Poznan,Poland,UEFA Europa Conference League,1.38,1.18,50.35
173,177,Elche,Spain,Spanish Primera Division,1.44,1.24,50.3
174,178,Sparta,Netherlands,Dutch Eredivisie,1.49,1.3,50.29
175,190,Rostov,Russia,Russian Premier Liga,1.56,1.36,50.28
176,202,NEC,Netherlands,Dutch Eredivisie,1.49,1.3,50.25
177,164,Santos,Brasil,Brasileiro S√©rie A,1.27,1.07,50.19
178,179,AEK Athens,Greece,Greek Super League,1.34,1.15,50
179,168,Rosenborg,Norway,Norwegian Tippeligaen,1.94,1.77,49.94
180,180,Cremonese,Italy,Italy Serie A,1.46,1.28,49.92
181,189,Millwall,United Kingdom,English League Championship,1.32,1.13,49.92
182,176,Sampdoria,Italy,Italy Serie A,1.36,1.19,49.7
183,160,Botafogo,Brasil,Brasileiro S√©rie A,1.23,1.07,49.52
184,183,Maccabi Haifa,Israel,UEFA Champions League,1.69,1.54,49.35
185,188,Gil Vicente,Portugal,Portuguese Liga,1.41,1.25,49.3
186,184,FC Sheriff Tiraspol,Moldova,UEFA Europa League,1.48,1.34,49.26
187,185,Hapoel Be'er,Israel,UEFA Europa Conference League,1.49,1.34,49.22
188,200,Konyaspor,Turkey,Turkish Turkcell Super Lig,1.33,1.18,49.1
189,194,Rapid Vienna,Austria,Austrian T-Mobile Bundesliga,1.43,1.3,48.79
190,186,Famalicao,Portugal,Portuguese Liga,1.3,1.16,48.74
191,195,Spezia,Italy,Italy Serie A,1.49,1.37,48.71
192,203,Santa Clara,Portugal,Portuguese Liga,1.21,1.08,48.65
193,191,FK Qarabag,Azerbaijan,UEFA Europa League,1.43,1.31,48.59
194,196,Cruz Azul,Mexico,Mexican Primera Division Torneo Apertura,1.4,1.3,48.21
195,197,Argentinos Juniors,Argentina,Argentina Primera Division,1.2,1.08,48.2
196,198,Bragantino,Brasil,Brasileiro S√©rie A,1.4,1.29,48.17
197,215,FC Nordsjaelland,Denmark,Danish SAS-Ligaen,1.39,1.29,48.13
198,199,Empoli,Italy,Italy Serie A,1.45,1.35,48.12
199,205,Vizela,Portugal,Portuguese Liga,1.31,1.21,48.06
200,201,LASK Linz,Austria,Austrian T-Mobile Bundesliga,1.57,1.48,47.92
201,150,Istanbul Basaksehir,Turkey,Turkish Turkcell Super Lig,1.34,1.25,47.85
202,208,Chaves,Portugal,Portuguese Liga,1.34,1.26,47.74
203,169,FC Krasnodar,Russia,Russian Premier Liga,1.47,1.39,47.74
204,204,Auxerre,France,French Ligue 1,1.36,1.28,47.54
205,248,St Gallen,Switzerland,Swiss Raiffeisen Super League,1.76,1.73,46.99
206,218,Rio Ave,Portugal,Portuguese Liga,1.3,1.25,46.83
207,219,PAOK Salonika,Greece,Greek Super League,1.22,1.17,46.77
208,220,Sochi,Russia,Russian Premier Liga,1.41,1.37,46.68
209,187,Salernitana,Italy,Italy Serie A,1.47,1.44,46.64
210,182,RKC,Netherlands,Dutch Eredivisie,1.62,1.6,46.62
211,207,Luton Town,United Kingdom,English League Championship,1.23,1.19,46.38
212,209,FC Cincinnati,United States,Major League Soccer,1.64,1.63,46.27
213,233,Emmen,Netherlands,Dutch Eredivisie,1.34,1.32,46.13
214,210,Hurac√°n,Argentina,Argentina Primera Division,1.11,1.08,46.05
215,222,Swansea City,United Kingdom,English League Championship,1.31,1.31,45.83
216,193,Silkeborg,Denmark,Danish SAS-Ligaen,1.57,1.58,45.75
217,230,Cear√°,Brasil,Brasileiro S√©rie A,1.14,1.12,45.73
218,206,Go Ahead Eagles,Netherlands,Dutch Eredivisie,1.53,1.55,45.68
219,214,Los Angeles Galaxy,United States,Major League Soccer,1.61,1.63,45.65
220,217,Hammarby,Sweden,Swedish Allsvenskan,1.52,1.55,45.44
221,234,Parma,Italy,Italy Serie B,1.27,1.28,45.38
222,224,Urawa Red Diamonds,Japan,Japanese J League,1.31,1.34,44.92
223,225,Terek Grozny,Russia,Russian Premier Liga,1.34,1.38,44.9
224,226,Levante,Spain,Spanish Segunda Division,1.21,1.23,44.84
225,227,Le√≥n,Mexico,Mexican Primera Division Torneo Apertura,1.39,1.44,44.81
226,245,Coventry City,United Kingdom,English League Championship,1.17,1.19,44.76
227,213,Stoke City,United Kingdom,English League Championship,1.23,1.26,44.74
228,228,Apollon Limassol,Cyprus,UEFA Europa Conference League,1.21,1.24,44.74
229,211,Basel,Switzerland,Swiss Raiffeisen Super League,1.31,1.35,44.72
230,229,Velez Sarsfield,Argentina,Argentina Primera Division,1.14,1.17,44.69
231,223,Boavista,Portugal,Portuguese Liga,1.23,1.27,44.64
232,212,Estoril Praia,Portugal,Portuguese Liga,1.23,1.27,44.63
233,246,Cercle Brugge,Belgium,Belgian Jupiler League,1.39,1.44,44.59
234,231,Atlanta United FC,United States,Major League Soccer,1.48,1.55,44.44
235,235,Birmingham,United Kingdom,English League Championship,1.18,1.23,44.28
236,221,Bordeaux,France,French Ligue 2,1.18,1.23,44.27
237,236,Talleres de C√≥rdoba,Argentina,Argentina Primera Division,1.21,1.26,44.2
238,237,Toluca,Mexico,Mexican Primera Division Torneo Apertura,1.51,1.59,44.18
239,238,Atlas,Mexico,Mexican Primera Division Torneo Apertura,1.23,1.29,44.16
240,216,Casa Pia,Portugal,Portuguese Liga,1.17,1.22,44.16
241,239,Pumas Unam,Mexico,Mexican Primera Division Torneo Apertura,1.29,1.36,44.15
242,241,Nashville SC,United States,Major League Soccer,1.35,1.43,43.99
243,287,KVC Westerlo,Belgium,Belgian Jupiler League,1.48,1.58,43.95
244,242,AEK Larnaca,Cyprus,UEFA Europa League,1.17,1.24,43.81
245,254,Hamburg SV,Germany,German 2. Bundesliga,1.45,1.56,43.48
246,247,Racing Club,Argentina,Argentina Primera Division,1.21,1.3,43.43
247,232,FK Austria Vienna,Austria,Austrian T-Mobile Bundesliga,1.31,1.41,43.34
248,249,CA Independiente,Argentina,Argentina Primera Division,1.09,1.17,43.29
249,271,Viborg,Denmark,Danish SAS-Ligaen,1.23,1.33,43.24
250,299,Metz,France,French Ligue 2,1.34,1.46,43.16
251,240,Kayserispor,Turkey,Turkish Turkcell Super Lig,1.32,1.44,43.05
252,270,Granada,Spain,Spanish Segunda Division,1.05,1.14,42.9
253,253,New York Red Bulls,United States,Major League Soccer,1.17,1.29,42.85
254,308,Aris Salonika,Greece,Greek Super League,1.1,1.2,42.84
255,255,Tigre,Argentina,Argentina Primera Division,1.26,1.39,42.67
256,244,Queens Park Rangers,United Kingdom,English League Championship,1.18,1.3,42.63
257,256,Puebla,Mexico,Mexican Primera Division Torneo Apertura,1.3,1.44,42.54
258,257,Austin FC,United States,Major League Soccer,1.45,1.61,42.52
259,259,Standard Liege,Belgium,Belgian Jupiler League,1.32,1.46,42.5
260,243,Atl√©tico Goianiense,Brasil,Brasileiro S√©rie A,1.22,1.36,42.47
261,260,Antalyaspor,Turkey,Turkish Turkcell Super Lig,1.41,1.57,42.47
262,250,Preston North End,United Kingdom,English League Championship,1.13,1.26,42.33
263,263,San Lorenzo,Argentina,Argentina Primera Division,0.98,1.09,42.3
264,264,BK Hacken,Sweden,Swedish Allsvenskan,1.59,1.78,42.19
265,294,Cuiaba,Brasil,Brasileiro S√©rie A,1.12,1.25,42.18
266,266,Frosinone,Italy,Italy Serie B,1.14,1.28,42.15
267,268,Ludogorets,Bulgaria,UEFA Europa League,1.32,1.49,42.04
268,274,Le Havre,France,French Ligue 2,1.03,1.16,41.97
269,269,IF Elfsborg,Sweden,Swedish Allsvenskan,1.38,1.57,41.89
270,273,Aberdeen,United Kingdom,Scottish Premiership,1.35,1.53,41.83
271,251,FC Arouca,Portugal,Portuguese Liga,1.1,1.25,41.79
272,282,Wolfsberger AC,Austria,Austrian T-Mobile Bundesliga,1.62,1.85,41.7
273,272,Sochaux,France,French Ligue 2,1.11,1.27,41.62
274,262,Genoa,Italy,Italy Serie B,1.13,1.3,41.44
275,301,WSG Swarovski Wattens,Austria,Austrian T-Mobile Bundesliga,1.5,1.73,41.43
276,288,Bristol City,United Kingdom,English League Championship,1.2,1.38,41.35
277,261,St. Truidense,Belgium,Belgian Jupiler League,1.08,1.25,41.25
278,275,Djurgardens IF,Sweden,Swedish Allsvenskan,1.25,1.45,41.25
279,276,CFR 1907 Cluj,Romania,UEFA Europa Conference League,1.2,1.39,41.24
280,277,Mamelodi Sundowns,South Africa,South African ABSA Premier League,1.19,1.38,41.21
281,281,Tijuana,Mexico,Mexican Primera Division Torneo Apertura,1.26,1.48,40.9
282,258,FC Groningen,Netherlands,Dutch Eredivisie,1.36,1.59,40.88
283,313,Fortuna Sittard,Netherlands,Dutch Eredivisie,1.39,1.63,40.8
284,265,Krylia Sovetov,Russia,Russian Premier Liga,1.13,1.33,40.8
285,283,Sporting Kansas City,United States,Major League Soccer,1.23,1.44,40.77
286,334,FC Zurich,Switzerland,Swiss Raiffeisen Super League,1.32,1.55,40.76
287,284,Columbus Crew,United States,Major League Soccer,1.24,1.47,40.66
288,285,Orlando City SC,United States,Major League Soccer,1.25,1.48,40.66
289,286,Las Palmas,Spain,Spanish Segunda Division,0.97,1.15,40.64
290,345,Gazovik Orenburg,Russia,Russian Premier Liga,1.4,1.65,40.59
291,252,St Etienne,France,French Ligue 2,1.37,1.62,40.57
292,289,FC Dallas,United States,Major League Soccer,1.21,1.43,40.46
293,290,Sanfrecce Hiroshima,Japan,Japanese J League,1.31,1.56,40.44
294,291,Boca Juniors,Argentina,Argentina Primera Division,1.03,1.22,40.4
295,292,Necaxa,Mexico,Mexican Primera Division Torneo Apertura,1.17,1.39,40.38
296,295,OH Leuven,Belgium,Belgian Jupiler League,1.41,1.68,40.33
297,296,Eibar,Spain,Spanish Segunda Division,1.02,1.22,40.27
298,267,Brondby,Denmark,Danish SAS-Ligaen,1.31,1.57,40.2
299,304,Sporting de Charleroi,Belgium,Belgian Jupiler League,1.4,1.68,40
300,305,Portland Timbers,United States,Major League Soccer,1.48,1.77,39.97
301,306,Alanyaspor,Turkey,Turkish Turkcell Super Lig,1.37,1.65,39.9
302,311,Gazisehir Gaziantep,Turkey,Turkish Turkcell Super Lig,1.27,1.54,39.89
303,297,Sheffield Wednesday,United Kingdom,English League One,1.22,1.48,39.87
304,298,Hearts,United Kingdom,Scottish Premiership,1.32,1.6,39.86
305,309,Seattle Sounders FC,United States,Major League Soccer,1.25,1.52,39.74
306,307,Maritimo,Portugal,Portuguese Liga,1.15,1.4,39.71
307,300,Cagliari,Italy,Italy Serie B,1.15,1.41,39.63
308,310,Newell's Old Boys,Argentina,Argentina Primera Division,0.97,1.2,39.48
309,312,Sunderland,United Kingdom,English League Championship,1.11,1.37,39.41
310,278,Blackburn,United Kingdom,English League Championship,1.02,1.27,39.38
311,303,Valerenga,Norway,Norwegian Tippeligaen,1.39,1.7,39.38
312,279,FC Volendam,Netherlands,Dutch Eredivisie,1.36,1.67,39.27
313,314,Rosario Central,Argentina,Argentina Primera Division,1.07,1.32,39.25
314,327,FC St. Pauli,Germany,German 2. Bundesliga,1.27,1.57,39.24
315,315,FC Tokyo,Japan,Japanese J League,1.23,1.52,39.24
316,316,Kashima Antlers,Japan,Japanese J League,1.19,1.47,39.23
317,317,Charlotte FC,United States,Major League Soccer,1.29,1.59,39.23
318,318,Vissel Kobe,Japan,Japanese J League,1.09,1.36,39.12
319,280,Coritiba,Brasil,Brasileiro S√©rie A,1.14,1.41,39.08
320,302,SV Darmstadt 98,Germany,German 2. Bundesliga,1.25,1.56,38.97
321,320,Kasimpasa,Turkey,Turkish Turkcell Super Lig,1.28,1.6,38.94
322,319,Fatih Karag√ºmr√ºk,Turkey,Turkish Turkcell Super Lig,1.41,1.75,38.92
323,321,Real Salt Lake,United States,Major League Soccer,1.19,1.49,38.87
324,325,Cardiff City,United Kingdom,English League Championship,0.98,1.24,38.81
325,322,New England Revolution,United States,Major League Soccer,1.34,1.67,38.77
326,323,Omonia Nicosia,Cyprus,UEFA Europa League,1.25,1.57,38.72
327,324,Chicago Fire,United States,Major League Soccer,1.28,1.61,38.63
328,326,Minnesota United FC,United States,Major League Soccer,1.34,1.68,38.57
329,293,Goi√°s,Brasil,Brasileiro S√©rie A,1.13,1.43,38.44
330,337,Reading,United Kingdom,English League Championship,1.06,1.35,38.4
331,329,Quer√©taro,Mexico,Mexican Primera Division Torneo Apertura,1.17,1.49,38.36
332,331,Colorado Rapids,United States,Major League Soccer,1.32,1.68,38.3
333,333,Estudiantes,Argentina,Argentina Primera Division,1.16,1.49,38.16
334,330,SK Austria Klagenfurt,Austria,Austrian T-Mobile Bundesliga,1.37,1.74,38.13
335,342,Cambuur Leeuwarden,Netherlands,Dutch Eredivisie,1.28,1.65,37.85
336,339,FC Ju√°rez,Mexico,Mexican Primera Division Torneo Apertura,0.96,1.26,37.79
337,340,Slovan Bratislava,Slovakia,UEFA Europa Conference League,1.09,1.43,37.78
338,356,Lillestrom,Norway,Norwegian Tippeligaen,1.2,1.56,37.75
339,336,Ipswich Town,United Kingdom,English League One,1.18,1.53,37.73
340,328,Sivasspor,Turkey,Turkish Turkcell Super Lig,1.15,1.5,37.66
341,347,Odense BK,Denmark,Danish SAS-Ligaen,1.2,1.56,37.61
342,341,Lokomotiv Moscow,Russia,Russian Premier Liga,1.19,1.56,37.48
343,364,Tenerife,Spain,Spanish Segunda Division,0.88,1.17,37.47
344,359,Ural Sverdlovsk Oblast,Russia,Russian Premier Liga,1.05,1.39,37.41
345,348,Excelsior,Netherlands,Dutch Eredivisie,1.31,1.71,37.38
346,354,FC Lugano,Switzerland,Swiss Raiffeisen Super League,1.31,1.71,37.31
347,346,Malmo FF,Sweden,Swedish Allsvenskan,1.21,1.6,37.24
348,338,Blackpool,United Kingdom,English League Championship,1.15,1.52,37.21
349,332,Pacos Ferreira,Portugal,Portuguese Liga,1.05,1.4,37.15
350,349,Alav√©s,Spain,Spanish Segunda Division,0.96,1.31,36.85
351,335,AGF Aarhus,Denmark,Danish SAS-Ligaen,1.01,1.37,36.76
352,351,Fortuna D√ºsseldorf,Germany,German 2. Bundesliga,1.16,1.55,36.76
353,363,Wigan,United Kingdom,English League Championship,1.02,1.38,36.72
354,352,KV Mechelen,Belgium,Belgian Jupiler League,1.39,1.85,36.65
355,355,Motherwell,United Kingdom,Scottish Premiership,1.11,1.5,36.51
356,353,Union Santa Fe,Argentina,Argentina Primera Division,1.01,1.39,36.5
357,365,Livingston,United Kingdom,Scottish Premiership,1.02,1.41,36.27
358,357,Mazatl√°n FC,Mexico,Mexican Primera Division Torneo Apertura,1.03,1.42,36.26
359,350,Caen,France,French Ligue 2,1.02,1.41,36.25
360,373,Sporting Gij√≥n,Spain,Spanish Segunda Division,0.98,1.37,36.12
361,343,FC Luzern,Switzerland,Swiss Raiffeisen Super League,1.26,1.71,36.1
362,360,SC Paderborn,Germany,German 2. Bundesliga,1.22,1.67,36.08
363,361,Randers FC,Denmark,Danish SAS-Ligaen,1.19,1.64,35.99
364,366,Melbourne City,Australia,Australian A-League,1.25,1.71,35.98
365,367,FC Cartagena,Spain,Spanish Segunda Division,0.98,1.37,35.9
366,368,Lanus,Argentina,Argentina Primera Division,1.01,1.41,35.79
367,402,Ava√≠,Brasil,Brasileiro S√©rie A,1.06,1.49,35.76
368,416,Austria Lustenau,Austria,Austrian T-Mobile Bundesliga,1.17,1.62,35.71
369,370,Brescia,Italy,Italy Serie B,1.03,1.45,35.67
370,371,Inter Miami CF,United States,Major League Soccer,1.27,1.75,35.67
371,372,Nagoya Grampus Eight,Japan,Japanese J League,0.87,1.24,35.66
372,390,Real Zaragoza,Spain,Spanish Segunda Division,0.86,1.24,35.64
373,379,Pisa,Italy,Italy Serie B,1.11,1.56,35.61
374,400,Derby County,United Kingdom,English League One,1.07,1.5,35.57
375,374,Atl√©tico San Luis,Mexico,Mexican Primera Division Torneo Apertura,1.03,1.46,35.51
376,375,AC Horsens,Denmark,Danish SAS-Ligaen,1.13,1.58,35.49
377,401,Benevento,Italy,Italy Serie B,0.96,1.37,35.46
378,403,Reggina,Italy,Italy Serie B,1,1.43,35.45
379,358,Hibernian,United Kingdom,Scottish Premiership,1.02,1.45,35.4
380,377,FK Nizhny Novgorod,Russia,Russian Premier Liga,1.01,1.44,35.35
381,378,Ascoli,Italy,Italy Serie B,0.95,1.36,35.33
382,369,Ternana,Italy,Italy Serie B,1.1,1.56,35.24
383,344,Paris FC,France,French Ligue 2,0.94,1.36,35.24
384,381,Vancouver Whitecaps,United States,Major League Soccer,1.15,1.62,35.19
385,382,Toronto FC,United States,Major League Soccer,1.31,1.83,35.17
386,380,Karlsruher SC,Germany,German 2. Bundesliga,1.3,1.81,35.14
387,383,Cerezo Osaka,Japan,Japanese J League,1.03,1.47,35.12
388,384,San Jose Earthquakes,United States,Major League Soccer,1.3,1.82,35.06
389,386,Holstein Kiel,Germany,German 2. Bundesliga,1.27,1.79,35.01
390,388,Sarmiento,Argentina,Argentina Primera Division,0.99,1.44,34.88
391,389,Colon Santa Fe,Argentina,Argentina Primera Division,1.09,1.57,34.83
392,376,Huddersfield Town,United Kingdom,English League Championship,0.95,1.39,34.73
393,419,Sarpsborg,Norway,Norwegian Tippeligaen,1.39,1.95,34.72
394,406,Real Oviedo,Spain,Spanish Segunda Division,0.84,1.25,34.71
395,394,Defensa y Justicia,Argentina,Argentina Primera Division,1.02,1.49,34.58
396,395,Platense,Argentina,Argentina Primera Division,0.86,1.28,34.58
397,398,Gimnasia La Plata,Argentina,Argentina Primera Division,0.85,1.28,34.47
398,417,Grasshoppers Z√ºrich,Switzerland,Swiss Raiffeisen Super League,1.35,1.92,34.44
399,404,Odd BK,Norway,Norwegian Tippeligaen,1.22,1.77,34.19
400,405,Patronato,Argentina,Argentina Primera Division,0.99,1.48,34.15
401,391,Bari,Italy,Italy Serie B,1.08,1.59,34.13
402,387,Guingamp,France,French Ligue 2,1.01,1.5,34.06
403,362,Servette,Switzerland,Swiss Raiffeisen Super League,1.1,1.62,34.05
404,397,Dundee Utd,United Kingdom,Scottish Premiership,1.01,1.51,33.92
405,410,Ankaragucu,Turkey,Turkish Turkcell Super Lig,1.09,1.62,33.82
406,407,Leganes,Spain,Spanish Segunda Division,0.86,1.32,33.79
407,411,Ballkani,Kosovo,UEFA Europa Conference League,1.2,1.76,33.76
408,412,Arsenal Sarandi,Argentina,Argentina Primera Division,0.88,1.35,33.74
409,408,Arminia Bielefeld,Germany,German 2. Bundesliga,1.14,1.69,33.69
410,399,1. FC Heidenheim 1846,Germany,German 2. Bundesliga,1.12,1.68,33.63
411,392,F.B.C Unione Venezia,Italy,Italy Serie B,1.05,1.58,33.61
412,418,Central C√≥rdoba Santiago del Estero,Argentina,Argentina Primera Division,0.99,1.51,33.57
413,413,St Johnstone,United Kingdom,Scottish Premiership,0.95,1.45,33.53
414,420,Kalmar FF,Sweden,Swedish Allsvenskan,0.99,1.51,33.51
415,393,Plymouth Argyle,United Kingdom,English League One,1.15,1.72,33.51
416,421,Barracas Central,Argentina,Argentina Primera Division,0.99,1.51,33.5
417,409,Grenoble,France,French Ligue 2,0.79,1.25,33.43
418,422,Houston Dynamo,United States,Major League Soccer,1.23,1.83,33.4
419,414,Hull City,United Kingdom,English League Championship,1.03,1.57,33.21
420,425,Consadole Sapporo,Japan,Japanese J League,1.23,1.83,33.2
421,427,AIK,Sweden,Swedish Allsvenskan,1.05,1.61,33.14
422,428,Sagan Tosu,Japan,Japanese J League,1.04,1.6,32.94
423,385,Amiens,France,French Ligue 2,0.87,1.38,32.82
424,431,Banfield,Argentina,Argentina Primera Division,0.84,1.35,32.64
425,440,SpVgg Greuther F√ºrth,Germany,German 2. Bundesliga,1.04,1.62,32.61
426,396,AaB,Denmark,Danish SAS-Ligaen,1.11,1.72,32.6
427,432,Dijon FCO,France,French Ligue 2,0.92,1.46,32.59
428,441,Hatayspor,Turkey,Turkish Turkcell Super Lig,1.14,1.75,32.53
429,423,Spal,Italy,Italy Serie B,0.99,1.56,32.36
430,415,Juventude,Brasil,Brasileiro S√©rie A,0.96,1.52,32.34
431,434,Atl√©tico Tucum√°n,Argentina,Argentina Primera Division,0.9,1.46,32.24
432,435,Rigas Futbola Skola,Latvia,UEFA Europa Conference League,1.16,1.8,32.23
433,437,Rotherham United,United Kingdom,English League Championship,1,1.59,32.2
434,433,Viking FK,Norway,Norwegian Tippeligaen,1.34,2.03,32.13
435,438,Burgos,Spain,Spanish Segunda Division,0.72,1.22,32
436,439,Hannover 96,Germany,German 2. Bundesliga,1.03,1.65,31.94
437,424,SD Huesca,Spain,Spanish Segunda Division,0.8,1.34,31.86
438,426,Volos NFC,Greece,Greek Super League,1.07,1.71,31.76
439,459,Barnsley,United Kingdom,English League One,0.94,1.53,31.75
440,468,Giresunspor,Turkey,Turkish Turkcell Super Lig,1,1.62,31.69
441,429,Fakel Voronezh,Russia,Russian Premier Liga,1.04,1.67,31.65
442,446,Zalgiris Vilnius,Lithuania,UEFA Europa Conference League,1.1,1.79,30.99
443,447,Shonan Bellmare,Japan,Japanese J League,0.77,1.34,30.94
444,445,Tromso,Norway,Norwegian Tippeligaen,1.13,1.84,30.88
445,448,FC Andorra,Spain,Spanish Segunda Division,0.8,1.38,30.87
446,457,St Mirren,United Kingdom,Scottish Premiership,0.95,1.6,30.7
447,449,Nimes,France,French Ligue 2,0.92,1.57,30.65
448,450,FC Vaduz,Switzerland,Swiss Raiffeisen Super League,0.96,1.63,30.56
449,443,SV Ried,Austria,Austrian T-Mobile Bundesliga,0.95,1.61,30.4
450,452,Kashiwa Reysol,Japan,Japanese J League,1.02,1.71,30.4
451,460,Laval,France,French Ligue 2,1,1.69,30.36
452,430,FC Sion,Switzerland,Swiss Raiffeisen Super League,1.16,1.91,30.33
453,444,Valenciennes,France,French Ligue 2,0.74,1.33,30.31
454,454,Shimizu S-Pulse,Japan,Japanese J League,1.1,1.85,30.07
455,455,Godoy Cruz,Argentina,Argentina Primera Division,0.85,1.49,30.06
456,451,Cittadella,Italy,Italy Serie B,0.72,1.32,30.05
457,466,Ross County,United Kingdom,Scottish Premiership,0.94,1.63,29.96
458,458,Haugesund,Norway,Norwegian Tippeligaen,1.04,1.77,29.89
459,473,Umraniyespor,Turkey,Turkish Turkcell Super Lig,1,1.73,29.73
460,456,Hartberg,Austria,Austrian T-Mobile Bundesliga,1.08,1.84,29.68
461,462,Tampa Bay Rowdies,United States,United Soccer League,0.98,1.71,29.66
462,442,Cashpoint SC Rheindorf Altach,Austria,Austrian T-Mobile Bundesliga,1.11,1.89,29.57
463,474,Pau,France,French Ligue 2,0.86,1.54,29.56
464,464,DC United,United States,Major League Soccer,1.08,1.85,29.47
465,436,KV Oostende,Belgium,Belgian Jupiler League,1.09,1.88,29.32
466,467,Mirandes,Spain,Spanish Segunda Division,0.81,1.49,29.18
467,469,IFK Goteborg,Sweden,Swedish Allsvenskan,1.06,1.84,29.17
468,471,Racing Santander,Spain,Spanish Segunda Division,0.74,1.39,29.14
469,463,Portsmouth,United Kingdom,English League One,0.91,1.66,28.56
470,461,FC Khimki,Russia,Russian Premier Liga,0.94,1.7,28.55
471,453,Peterborough United,United Kingdom,English League One,1,1.8,28.54
472,476,HJK Helsinki,Finland,UEFA Europa League,0.94,1.71,28.47
473,477,Avispa Fukuoka,Japan,Japanese J League,0.76,1.45,28.46
474,475,Bastia,France,French Ligue 2,0.76,1.46,28.35
475,478,Guangzhou Evergrande,China,Chinese Super League,1.08,1.93,28.19
476,488,Sudtirol,Italy,Italy Serie B,0.88,1.66,27.97
477,480,IFK Norrkoping,Sweden,Swedish Allsvenskan,1.03,1.88,27.93
478,481,1. FC Kaiserslautern,Germany,German 2. Bundesliga,0.97,1.79,27.92
479,470,Albacete,Spain,Spanish Segunda Division,0.83,1.58,27.9
480,497,Jahn Regensburg,Germany,German 2. Bundesliga,1.01,1.85,27.84
481,500,Oxford United,United Kingdom,English League One,0.96,1.78,27.8
482,483,Villarreal B,Spain,Spanish Segunda Division,0.83,1.59,27.76
483,484,Eupen,Belgium,Belgian Jupiler League,1.17,2.09,27.64
484,509,Panetolikos,Greece,Greek Super League,0.79,1.54,27.6
485,482,Modena,Italy,Italy Serie B,0.9,1.72,27.5
486,479,SD Ponferradina,Spain,Spanish Segunda Division,0.87,1.68,27.28
487,465,KV Kortrijk,Belgium,Belgian Jupiler League,0.98,1.84,27.26
488,489,Gamba Osaka,Japan,Japanese J League,0.77,1.54,27.2
489,472,Sydney FC,Australia,Australian A-League,1.13,2.07,27.1
490,493,Bolton,United Kingdom,English League One,0.8,1.59,27.06
491,492,1. FC N√ºrnberg,Germany,German 2. Bundesliga,0.89,1.72,27.05
492,487,Stromsgodset,Norway,Norwegian Tippeligaen,1.11,2.04,27.02
493,501,Kilmarnock,United Kingdom,Scottish Premiership,0.86,1.7,26.81
494,486,Istanbulspor,Turkey,Turkish Turkcell Super Lig,0.91,1.79,26.55
495,494,Lugo,Spain,Spanish Segunda Division,0.76,1.56,26.54
496,518,US Quevilly,France,French Ligue 2,0.79,1.61,26.45
497,490,M√°laga,Spain,Spanish Segunda Division,0.74,1.55,26.42
498,495,Annecy,France,French Ligue 2,0.72,1.51,26.38
499,485,Louisville City FC,United States,United Soccer League,0.88,1.75,26.35
500,502,Asteras Tripolis,Greece,Greek Super League,0.7,1.48,26.33
501,496,Hansa Rostock,Germany,German 2. Bundesliga,0.86,1.73,26.25
502,517,San Antonio FC,United States,United Soccer League,0.81,1.66,26.23
503,511,Como,Italy,Italy Serie B,0.91,1.81,26.19
504,498,SV Zulte Waregem,Belgium,Belgian Jupiler League,1.2,2.23,26.1
505,503,UD Ibiza,Spain,Spanish Segunda Division,0.74,1.57,26.02
506,505,Melbourne Victory,Australia,Australian A-League,0.93,1.85,25.95
507,499,Atromitos,Greece,Greek Super League,0.73,1.56,25.94
508,506,Mjallby,Sweden,Swedish Allsvenskan,0.77,1.63,25.84
509,507,Birmingham Legion FC,United States,United Soccer League,1.03,2.01,25.82
510,508,Wycombe Wanderers,United Kingdom,English League One,0.84,1.74,25.76
511,491,Charlton Athletic,United Kingdom,English League One,0.94,1.88,25.72
512,512,Perugia,Italy,Italy Serie B,0.73,1.57,25.55
513,524,Lyngby,Denmark,Danish SAS-Ligaen,0.88,1.81,25.51
514,504,Kristiansund BK,Norway,Norwegian Tippeligaen,1.06,2.09,25.23
515,510,Torpedo Moskow,Russia,Russian Premier Liga,0.7,1.55,25.09
516,526,Rodez,France,French Ligue 2,0.64,1.46,25.07
517,514,Kyoto Purple Sanga,Japan,Japanese J League,0.63,1.45,24.99
518,515,Beijing Guoan,China,Chinese Super League,0.98,1.99,24.95
519,516,Aalesund,Norway,Norwegian Tippeligaen,0.82,1.76,24.93
520,513,Palermo,Italy,Italy Serie B,0.81,1.75,24.57
521,519,Shanghai SIPG,China,Chinese Super League,0.9,1.92,24.26
522,521,San Diego Loyal SC,United States,United Soccer League,1.03,2.12,24.08
523,522,RFC Seraing,Belgium,Belgian Jupiler League,0.87,1.9,23.87
524,523,Pyunik Yerevan,Armenia,UEFA Europa Conference League,0.87,1.9,23.79
525,520,Ionikos FC,Greece,Greek Super League,0.8,1.8,23.7
526,525,Memphis 901 FC,United States,United Soccer League,0.86,1.92,23.24
527,527,SV Sandhausen,Germany,German 2. Bundesliga,0.84,1.91,22.99
528,530,Sacramento Republic FC,United States,United Soccer League,0.74,1.78,22.72
529,531,SuperSport United,South Africa,South African ABSA Premier League,0.73,1.76,22.68
530,534,Lincoln City,United Kingdom,English League One,0.73,1.76,22.55
531,533,Kaizer Chiefs,South Africa,South African ABSA Premier League,0.69,1.72,22.35
532,529,Winterthur,Switzerland,Swiss Raiffeisen Super League,0.76,1.84,22.22
533,536,Adelaide United,Australia,Australian A-League,0.9,2.08,21.94
534,538,Jubilo Iwata,Japan,Japanese J League,0.75,1.85,21.77
535,539,Pittsburgh Riverhounds,United States,United Soccer League,0.73,1.83,21.76
536,537,Eintracht Braunschweig,Germany,German 2. Bundesliga,0.72,1.81,21.7
537,532,Hamarkamaratene,Norway,Norwegian Tippeligaen,0.71,1.8,21.61
538,542,OFI Crete,Greece,Greek Super League,0.71,1.8,21.6
539,528,Milton Keynes Dons,United Kingdom,English League One,0.72,1.82,21.57
540,545,Cosenza,Italy,Italy Serie B,0.76,1.88,21.47
541,541,Niort,France,French Ligue 2,0.67,1.76,21.26
542,540,Aldosivi,Argentina,Argentina Primera Division,0.68,1.77,21.25
543,543,1. FC Magdeburg,Germany,German 2. Bundesliga,0.82,2.02,21.1
544,544,Rio Grande Valley FC Toros,United States,United Soccer League,0.69,1.83,20.75
545,546,New Mexico United,United States,United Soccer League,0.75,1.93,20.65
546,547,Shamrock Rovers,Ireland,UEFA Europa Conference League,0.69,1.84,20.63
547,549,IK Sirius,Sweden,Swedish Allsvenskan,0.73,1.9,20.51
548,551,Exeter City,United Kingdom,English League One,0.83,2.09,20.36
549,552,Central Coast Mariners,Australia,Australian A-League,0.91,2.22,20.32
550,548,Levadiakos,Greece,Greek Super League,0.61,1.72,20.27
551,555,Bristol Rovers,United Kingdom,English League One,0.84,2.14,19.89
552,535,Giannina,Greece,Greek Super League,0.69,1.9,19.76
553,553,Colorado Springs Switchbacks FC,United States,United Soccer League,0.74,2,19.66
554,554,Degerfors IF,Sweden,Swedish Allsvenskan,0.73,1.97,19.64
555,556,Oakland Roots,United States,United Soccer League,0.74,2,19.47
556,557,Miami FC,United States,United Soccer League,0.66,1.87,19.4
557,565,Western Sydney FC,Australia,Australian A-League,0.72,1.98,19.35
558,558,Orlando Pirates,South Africa,South African ABSA Premier League,0.47,1.53,19.31
559,560,Western United,Australia,Australian A-League,0.86,2.23,19.2
560,550,Shrewsbury Town,United Kingdom,English League One,0.53,1.66,19.17
561,575,Northampton Town,United Kingdom,English League Two,0.69,1.96,19.01
562,561,Sandefjord,Norway,Norwegian Tippeligaen,0.93,2.38,18.78
563,559,Fleetwood Town,United Kingdom,English League One,0.61,1.84,18.74
564,562,Shandong Luneng,China,Chinese Super League,0.82,2.22,18.5
565,563,Jiangsu Suning FC,China,Chinese Super League,0.71,2.04,18.37
566,564,IFK V√§rnamo,Sweden,Swedish Allsvenskan,0.69,2.02,18.36
567,567,Arizona United,United States,United Soccer League,0.8,2.25,17.67
568,569,Black Aces,South Africa,South African ABSA Premier League,0.49,1.73,17.37
569,579,Leyton Orient,United Kingdom,English League Two,0.53,1.83,17.05
570,570,Newcastle Jets,Australia,Australian A-League,0.72,2.19,16.89
571,566,Port Vale,United Kingdom,English League One,0.6,2,16.65
572,577,FK Jerv,Norway,Norwegian Tippeligaen,0.75,2.29,16.36
573,571,Detroit City FC,United States,United Soccer League,0.51,1.85,16.31
574,573,El Paso Locomotive FC,United States,United Soccer League,0.69,2.18,16.27
575,582,Cheltenham Town,United Kingdom,English League One,0.54,1.93,16.04
576,574,Wellington Phoenix,Australia,Australian A-League,0.74,2.3,15.95
577,578,Varbergs BoIS FC,Sweden,Swedish Allsvenskan,0.71,2.26,15.85
578,586,Burton Albion,United Kingdom,English League One,0.72,2.28,15.8
579,568,Swindon Town,United Kingdom,English League Two,0.57,2.01,15.61
580,580,Brisbane Roar,Australia,Australian A-League,0.58,2.04,15.59
581,576,Lamia,Greece,Greek Super League,0.39,1.7,15.18
582,581,Stellenbosch FC,South Africa,South African ABSA Premier League,0.43,1.79,15.16
583,583,Orange County SC,United States,United Soccer League,0.57,2.08,14.94
584,584,Golden Arrows,South Africa,South African ABSA Premier League,0.49,1.92,14.89
585,589,Macarthur FC,Australia,Australian A-League,0.7,2.41,14.1
586,587,Hartford Athletic,United States,United Soccer League,0.73,2.48,14.01
587,590,Accrington Stanley,United Kingdom,English League One,0.52,2.12,13.68
588,572,Salford City,United Kingdom,English League Two,0.42,1.92,13.62
589,591,AmaZulu,South Africa,South African ABSA Premier League,0.3,1.65,13.49
590,592,Chippa United,South Africa,South African ABSA Premier League,0.42,1.92,13.47
591,585,Mansfield Town,United Kingdom,English League Two,0.57,2.24,13.38
592,594,Bradford City,United Kingdom,English League Two,0.42,1.96,12.98
593,593,Tulsa Roughnecks,United States,United Soccer League,0.66,2.46,12.98
594,588,Cambridge United,United Kingdom,English League One,0.44,2.04,12.75
595,614,Carlisle United,United Kingdom,English League Two,0.47,2.11,12.67
596,596,Doncaster Rovers,United Kingdom,English League Two,0.48,2.17,12.23
597,597,Monterey Bay,United States,United Soccer League,0.5,2.23,12.2
598,595,Stevenage,United Kingdom,English League Two,0.4,2.01,12.12
599,598,Royal AM,South Africa,South African ABSA Premier League,0.45,2.13,12.11
600,599,Sekhukhune United,South Africa,South African ABSA Premier League,0.3,1.78,12.09
601,600,Richards Bay,South Africa,South African ABSA Premier League,0.3,1.79,12.02
602,605,Stockport County,United Kingdom,English League Two,0.44,2.12,11.98
603,602,Morecambe,United Kingdom,English League One,0.45,2.15,11.93
604,612,AFC Wimbledon,United Kingdom,English League Two,0.45,2.16,11.86
605,601,Tianjin Teda,China,Chinese Super League,0.5,2.26,11.8
606,603,Moroka Swallows,South Africa,South African ABSA Premier League,0.38,2.03,11.61
607,606,Shanghai Greenland,China,Chinese Super League,0.56,2.47,11.13
608,608,Barrow,United Kingdom,English League Two,0.36,2.06,11
609,609,LA Galaxy II,United States,United Soccer League,0.57,2.51,10.91
610,610,TS Galaxy,South Africa,South African ABSA Premier League,0.2,1.68,10.82
611,611,Tshakhuma Tsha Madzivhandila,South Africa,South African ABSA Premier League,0.2,1.68,10.79
612,607,Forest Green Rovers,United Kingdom,English League One,0.43,2.24,10.68
613,613,Hebei China Fortune FC,China,Chinese Super League,0.5,2.43,10.52
614,604,Tranmere Rovers,United Kingdom,English League Two,0.26,1.88,10.41
615,615,Henan Jianye,China,Chinese Super League,0.46,2.36,10.34
616,621,Colchester United,United Kingdom,English League Two,0.37,2.16,10.24
617,616,Charleston Battery,United States,United Soccer League,0.58,2.65,10.05
618,617,Dalian Aerbin,China,Chinese Super League,0.51,2.51,9.96
619,618,Perth Glory,Australia,Australian A-League,0.4,2.28,9.88
620,619,Guangzhou RF,China,Chinese Super League,0.66,2.86,9.74
621,620,Indy Eleven,United States,United Soccer League,0.43,2.38,9.67
622,622,Wuhan Zall,China,Chinese Super League,0.39,2.32,9.4
623,623,Helsingborgs IF,Sweden,Swedish Allsvenskan,0.35,2.23,9.3
624,628,Newport County,United Kingdom,English League Two,0.28,2.09,9.03
625,625,Las Vegas Lights FC,United States,United Soccer League,0.34,2.28,8.73
626,626,Walsall,United Kingdom,English League Two,0.23,2.01,8.66
627,627,Maritzburg Utd,South Africa,South African ABSA Premier League,0.2,1.95,8.57
628,624,Grimsby Town,United Kingdom,English League Two,0.25,2.12,8.36
629,629,Crawley Town,United Kingdom,English League Two,0.37,2.44,8.27
630,631,GIF Sundsvall,Sweden,Swedish Allsvenskan,0.52,2.81,8.15
631,637,Crewe Alexandra,United Kingdom,English League Two,0.22,2.09,8.04
632,633,Tianjin Quanujian,China,Chinese Super League,0.37,2.51,7.83
633,634,Shenzhen FC,China,Chinese Super League,0.4,2.6,7.73
634,635,Chongqing Lifan,China,Chinese Super League,0.3,2.35,7.66
635,632,Gillingham,United Kingdom,English League Two,0.2,2.09,7.6
636,630,Sutton United,United Kingdom,English League Two,0.24,2.2,7.5
637,636,Rochdale,United Kingdom,English League Two,0.2,2.14,7.29
638,639,Harrogate Town,United Kingdom,English League Two,0.31,2.5,6.86
639,638,Atlanta United 2,United States,United Soccer League,0.48,3.01,6.47
640,640,Loudoun United FC,United States,United Soccer League,0.33,2.75,5.86
641,641,Hartlepool,United Kingdom,English League Two,0.2,2.54,5.15
642,642,Guizhou Renhe,China,Chinese Super League,0.2,2.61,4.86
643,643,New York Red Bulls II,United States,United Soccer League,0.2,2.82,4.03
